{
  "backend": "lightgbm",
  "rows": 1910020,
  "features": [
    "ret_1d",
    "ret_5d",
    "ret_10d",
    "ret_20d",
    "ret_60d",
    "atr_pct",
    "atr_squeeze",
    "realized_vol_20",
    "rsi_14",
    "rsi_slope_3",
    "dist_ema21_atr",
    "dist_sma50_pct",
    "dist_sma200_pct",
    "ema21_gt_sma50",
    "sma50_gt_sma200",
    "vol_ratio_20",
    "vol_trend_5_20",
    "dist_high_20_pct",
    "dist_high_252_pct",
    "dist_low_20_pct",
    "up_days_10",
    "mkt_ret_20",
    "mkt_ret_60",
    "mkt_above_sma200",
    "mkt_dist_sma50_pct",
    "vix_level",
    "vix_chg_5",
    "vix_z_252",
    "rel_ret_20",
    "rel_ret_60",
    "rel_ret_120",
    "beta_60",
    "corr_60",
    "setup_score",
    "setup_code"
  ],
  "mean_oos_auc": 0.5228081922660405,
  "shuffled_baseline_auc": 0.49935028290729777,
  "edge": 0.0234579093587427,
  "verdict": "signal present",
  "fold_auc": [
    0.5120084689454236,
    0.5155919851267171,
    0.5231734269185817,
    0.5221808879685169,
    0.5410861923709629
  ],
  "feature_importances": {
    "vix_z_252": 1867.0,
    "vix_level": 1745.0,
    "mkt_ret_60": 1602.0,
    "mkt_dist_sma50_pct": 1377.0,
    "mkt_ret_20": 1357.0,
    "vix_chg_5": 1160.0,
    "corr_60": 434.0,
    "atr_pct": 263.0,
    "setup_code": 224.0,
    "beta_60": 214.0,
    "dist_high_252_pct": 188.0,
    "mkt_above_sma200": 187.0,
    "dist_sma200_pct": 151.0,
    "ret_1d": 126.0,
    "dist_low_20_pct": 107.0,
    "dist_high_20_pct": 100.0,
    "rel_ret_120": 93.0,
    "rsi_14": 91.0,
    "dist_sma50_pct": 78.0,
    "dist_ema21_atr": 71.0,
    "vol_ratio_20": 62.0,
    "realized_vol_20": 59.0,
    "rsi_slope_3": 55.0,
    "rel_ret_60": 55.0,
    "ret_5d": 54.0,
    "ret_60d": 51.0,
    "rel_ret_20": 49.0,
    "atr_squeeze": 48.0,
    "vol_trend_5_20": 48.0,
    "ret_20d": 36.0,
    "ret_10d": 31.0,
    "ema21_gt_sma50": 11.0,
    "sma50_gt_sma200": 3.0,
    "up_days_10": 3.0,
    "setup_score": 0.0
  }
}