{
  "backend": "lightgbm",
  "rows": 1500003,
  "features": [
    "ret_1d",
    "ret_5d",
    "ret_10d",
    "ret_20d",
    "ret_60d",
    "atr_pct",
    "atr_squeeze",
    "realized_vol_20",
    "rsi_14",
    "rsi_slope_3",
    "dist_ema21_atr",
    "dist_sma50_pct",
    "dist_sma200_pct",
    "ema21_gt_sma50",
    "sma50_gt_sma200",
    "vol_ratio_20",
    "vol_trend_5_20",
    "dist_high_20_pct",
    "dist_high_252_pct",
    "dist_low_20_pct",
    "up_days_10",
    "setup_score",
    "setup_code"
  ],
  "mean_oos_auc": 0.5338224461478542,
  "shuffled_baseline_auc": 0.49819947198523573,
  "edge": 0.035622974162618504,
  "verdict": "signal present",
  "fold_auc": [
    0.5133526345012562,
    0.5217520839419645,
    0.5490860101407731,
    0.5444946716276318,
    0.540426830527646
  ],
  "feature_importances": {
    "atr_pct": 1047.0,
    "dist_sma200_pct": 1025.0,
    "dist_high_252_pct": 970.0,
    "ret_60d": 817.0,
    "realized_vol_20": 724.0,
    "dist_sma50_pct": 673.0,
    "rsi_14": 635.0,
    "atr_squeeze": 596.0,
    "dist_low_20_pct": 580.0,
    "ret_1d": 541.0,
    "dist_high_20_pct": 529.0,
    "vol_trend_5_20": 525.0,
    "rsi_slope_3": 507.0,
    "vol_ratio_20": 500.0,
    "ret_20d": 457.0,
    "ret_5d": 443.0,
    "dist_ema21_atr": 401.0,
    "ret_10d": 398.0,
    "setup_code": 293.0,
    "up_days_10": 241.0,
    "ema21_gt_sma50": 51.0,
    "sma50_gt_sma200": 36.0,
    "setup_score": 11.0
  }
}